month_id,department_id,region_id,category_id,actual_amount
202401,D01,R01,C01,142935.13
202401,D01,R01,C02,100712.57
202401,D01,R01,C03,61328.93
202401,D01,R01,C06,14681.53
202401,D01,R01,C07,11153.35
202401,D01,R02,C01,155969.53
202401,D01,R02,C02,102853.21
202401,D01,R02,C03,65154.34
202401,D01,R02,C06,16246.21
202401,D01,R02,C07,12938.39
202401,D01,R03,C01,127184.85
202401,D01,R03,C02,96331.69
202401,D01,R03,C03,56699.72
202401,D01,R03,C06,13482.53
202401,D01,R03,C07,11212.52
202401,D01,R04,C01,124263.85
202401,D01,R04,C02,80516.04
202401,D01,R04,C03,52657.12
202401,D01,R04,C06,12856.87
202401,D01,R04,C07,10867.21
202401,D02,R01,C02,81543.5
202401,D02,R01,C03,47153.15
202401,D02,R01,C04,29617.13
202401,D02,R01,C06,11847.82
202401,D02,R01,C07,10153.52
202401,D02,R02,C02,87444.62
202401,D02,R02,C03,54326.08
202401,D02,R02,C04,33073.19
202401,D02,R02,C06,13780.88
202401,D02,R02,C07,10342.33
202401,D02,R03,C02,77438.28
202401,D02,R03,C03,47403.8
202401,D02,R03,C04,26327.56
202401,D02,R03,C06,12297.56
202401,D02,R03,C07,10066.56
202401,D02,R04,C02,71475.3
202401,D02,R04,C03,43309.69
202401,D02,R04,C04,26279.41
202401,D02,R04,C06,10591.73
202401,D02,R04,C07,8982.43
202401,D03,R01,C03,45141.17
202401,D03,R01,C06,11504.72
202401,D03,R01,C07,8728.51
202401,D03,R02,C03,56005.29
202401,D03,R02,C06,12701.06
202401,D03,R02,C07,11018.19
202401,D03,R03,C03,45159.62
202401,D03,R03,C06,10530.59
202401,D03,R03,C07,9254.5
202401,D03,R04,C03,39828.08
202401,D03,R04,C06,10331.13
202401,D03,R04,C07,8661.27
202401,D04,R01,C03,44618.72
202401,D04,R01,C07,8935.65
202401,D04,R01,C08,6932.28
202401,D04,R02,C03,48955.84
202401,D04,R02,C07,8977.15
202401,D04,R02,C08,7367.79
202401,D04,R03,C03,38708.32
202401,D04,R03,C07,7972.86
202401,D04,R03,C08,6382.43
202401,D04,R04,C03,37816.94
202401,D04,R04,C07,7978.75
202401,D04,R04,C08,6033.93
202401,D05,R01,C03,38171.16
202401,D05,R01,C07,8226.58
202401,D05,R01,C08,6305.02
202401,D05,R02,C03,44924.68
202401,D05,R02,C07,8811.34
202401,D05,R02,C08,7243.96
202401,D05,R03,C03,39187.2
202401,D05,R03,C07,7704.17
202401,D05,R03,C08,5796.08
202401,D05,R04,C03,37899.21
202401,D05,R04,C07,7357.06
202401,D05,R04,C08,5839.72
202401,D06,R01,C03,48143.66
202401,D06,R01,C05,21444.76
202401,D06,R01,C06,11013.33
202401,D06,R01,C07,8490.84
202401,D06,R01,C08,7310.43
202401,D06,R02,C03,48364.7
202401,D06,R02,C05,24695.1
202401,D06,R02,C06,11273.24
202401,D06,R02,C07,10023.75
202401,D06,R02,C08,7786.44
202401,D06,R03,C03,45495.58
202401,D06,R03,C05,21182.56
202401,D06,R03,C06,11002.03
202401,D06,R03,C07,8739.12
202401,D06,R03,C08,6741.09
202401,D06,R04,C03,42622.63
202401,D06,R04,C05,21270.9
202401,D06,R04,C06,9905.75
202401,D06,R04,C07,8096.48
202401,D06,R04,C08,6251.11
202402,D01,R01,C01,150740.56
202402,D01,R01,C02,97195.8
202402,D01,R01,C03,59117.8
202402,D01,R01,C06,13958.82
202402,D01,R01,C07,11203.04
202402,D01,R02,C01,157368.66
202402,D01,R02,C02,106273.76
202402,D01,R02,C03,66372.52
202402,D01,R02,C06,16258.23
202402,D01,R02,C07,12994.38
202402,D01,R03,C01,132210.48
202402,D01,R03,C02,95124.64
202402,D01,R03,C03,54996.3
202402,D01,R03,C06,13552.9
202402,D01,R03,C07,11105.49
202402,D01,R04,C01,113454.42
202402,D01,R04,C02,78744.47
202402,D01,R04,C03,54319.91
202402,D01,R04,C06,13155.56
202402,D01,R04,C07,11299.7
202402,D02,R01,C02,84626.09
202402,D02,R01,C03,48506.7
202402,D02,R01,C04,32249.78
202402,D02,R01,C06,12623.58
202402,D02,R01,C07,10733.16
202402,D02,R02,C02,89746.29
202402,D02,R02,C03,54912.23
202402,D02,R02,C04,31279.01
202402,D02,R02,C06,12808.54
202402,D02,R02,C07,11554.85
202402,D02,R03,C02,77583.39
202402,D02,R03,C03,50119.46
202402,D02,R03,C04,27856.92
202402,D02,R03,C06,11811.65
202402,D02,R03,C07,9641.63
202402,D02,R04,C02,61648.31
202402,D02,R04,C03,43478.14
202402,D02,R04,C04,27091.28
202402,D02,R04,C06,11108.26
202402,D02,R04,C07,8896.84
202402,D03,R01,C03,46776.55
202402,D03,R01,C06,11475.92
202402,D03,R01,C07,9488.82
202402,D03,R02,C03,54225.44
202402,D03,R02,C06,13468.5
202402,D03,R02,C07,10562.86
202402,D03,R03,C03,47169.98
202402,D03,R03,C06,10577.83
202402,D03,R03,C07,8776.87
202402,D03,R04,C03,40311.61
202402,D03,R04,C06,10706.37
202402,D03,R04,C07,8876.58
202402,D04,R01,C03,41301.62
202402,D04,R01,C07,8611.24
202402,D04,R01,C08,7203.99
202402,D04,R02,C03,46803.13
202402,D04,R02,C07,9300.72
202402,D04,R02,C08,7731.24
202402,D04,R03,C03,43667.55
202402,D04,R03,C07,8128.33
202402,D04,R03,C08,6727.34
202402,D04,R04,C03,40566.6
202402,D04,R04,C07,7586.61
202402,D04,R04,C08,6479.82
202402,D05,R01,C03,40834.82
202402,D05,R01,C07,8566.15
202402,D05,R01,C08,6658.58
202402,D05,R02,C03,46032.46
202402,D05,R02,C07,8716.28
202402,D05,R02,C08,7637.81
202402,D05,R03,C03,37174.56
202402,D05,R03,C07,7320.35
202402,D05,R03,C08,5857.49
202402,D05,R04,C03,36420.02
202402,D05,R04,C07,7776.88
202402,D05,R04,C08,5522.53
202402,D06,R01,C03,47886.88
202402,D06,R01,C05,22115.03
202402,D06,R01,C06,10933.24
202402,D06,R01,C07,9121.54
202402,D06,R01,C08,7608.15
202402,D06,R02,C03,50101.22
202402,D06,R02,C05,26565.12
202402,D06,R02,C06,11928.46
202402,D06,R02,C07,9758.7
202402,D06,R02,C08,8105.3
202402,D06,R03,C03,47363.38
202402,D06,R03,C05,22984.59
202402,D06,R03,C06,10004.43
202402,D06,R03,C07,9022.54
202402,D06,R03,C08,6978.27
202402,D06,R04,C03,40130.79
202402,D06,R04,C05,20392.11
202402,D06,R04,C06,9666.3
202402,D06,R04,C07,8190.44
202402,D06,R04,C08,7023.71
202403,D01,R01,C01,159035.37
202403,D01,R01,C02,100727.02
202403,D01,R01,C03,60736.01
202403,D01,R01,C06,14621.39
202403,D01,R01,C07,13281.11
202403,D01,R02,C01,165240.69
202403,D01,R02,C02,117612.85
202403,D01,R02,C03,71118.97
202403,D01,R02,C06,16652.17
202403,D01,R02,C07,13415.67
202403,D01,R03,C01,137531.38
202403,D01,R03,C02,101737.39
202403,D01,R03,C03,61930.51
202403,D01,R03,C06,13465.75
202403,D01,R03,C07,11198.19
202403,D01,R04,C01,138220.96
202403,D01,R04,C02,88367.62
202403,D01,R04,C03,53084.19
202403,D01,R04,C06,13699.24
202403,D01,R04,C07,11586.56
202403,D02,R01,C02,86866.79
202403,D02,R01,C03,49547.66
202403,D02,R01,C04,39268.53
202403,D02,R01,C06,12670.4
202403,D02,R01,C07,10052.3
202403,D02,R02,C02,92689.68
202403,D02,R02,C03,60824.56
202403,D02,R02,C04,41933.81
202403,D02,R02,C06,14477.59
202403,D02,R02,C07,11621.72
202403,D02,R03,C02,75009.41
202403,D02,R03,C03,50674.95
202403,D02,R03,C04,34913.41
202403,D02,R03,C06,11677.39
202403,D02,R03,C07,10329.18
202403,D02,R04,C02,75347.98
202403,D02,R04,C03,47780.68
202403,D02,R04,C04,34165.82
202403,D02,R04,C06,12112.73
202403,D02,R04,C07,9269.59
202403,D03,R01,C03,51016.29
202403,D03,R01,C06,11823.33
202403,D03,R01,C07,9907.35
202403,D03,R02,C03,54563.2
202403,D03,R02,C06,13395.87
202403,D03,R02,C07,10438.02
202403,D03,R03,C03,47173.39
202403,D03,R03,C06,10655.5
202403,D03,R03,C07,9656.4
202403,D03,R04,C03,47117.1
202403,D03,R04,C06,11101.38
202403,D03,R04,C07,9116.86
202403,D04,R01,C03,42760.36
202403,D04,R01,C07,9338.32
202403,D04,R01,C08,7165.04
202403,D04,R02,C03,52024.2
202403,D04,R02,C07,10290.0
202403,D04,R02,C08,8145.07
202403,D04,R03,C03,41483.27
202403,D04,R03,C07,8491.72
202403,D04,R03,C08,7103.38
202403,D04,R04,C03,39738.36
202403,D04,R04,C07,7886.2
202403,D04,R04,C08,6556.65
202403,D05,R01,C03,44656.52
202403,D05,R01,C07,8921.96
202403,D05,R01,C08,6686.5
202403,D05,R02,C03,43473.85
202403,D05,R02,C07,9283.32
202403,D05,R02,C08,7568.53
202403,D05,R03,C03,39018.89
202403,D05,R03,C07,8372.36
202403,D05,R03,C08,6456.73
202403,D05,R04,C03,37986.76
202403,D05,R04,C07,7770.89
202403,D05,R04,C08,6460.65
202403,D06,R01,C03,46143.79
202403,D06,R01,C05,23273.24
202403,D06,R01,C06,11321.65
202403,D06,R01,C07,9519.06
202403,D06,R01,C08,8185.7
202403,D06,R02,C03,56433.72
202403,D06,R02,C05,25118.78
202403,D06,R02,C06,12995.23
202403,D06,R02,C07,10881.49
202403,D06,R02,C08,8735.12
202403,D06,R03,C03,45869.69
202403,D06,R03,C05,23258.86
202403,D06,R03,C06,11242.34
202403,D06,R03,C07,8997.31
202403,D06,R03,C08,6924.62
202403,D06,R04,C03,39472.05
202403,D06,R04,C05,21211.31
202403,D06,R04,C06,9944.09
202403,D06,R04,C07,8317.36
202403,D06,R04,C08,6964.48
202404,D01,R01,C01,155363.03
202404,D01,R01,C02,99582.63
202404,D01,R01,C03,61595.88
202404,D01,R01,C06,14526.48
202404,D01,R01,C07,13548.94
202404,D01,R02,C01,161660.93
202404,D01,R02,C02,109680.15
202404,D01,R02,C03,72182.03
202404,D01,R02,C06,17899.19
202404,D01,R02,C07,13826.2
202404,D01,R03,C01,147102.95
202404,D01,R03,C02,93757.69
202404,D01,R03,C03,59554.58
202404,D01,R03,C06,14662.93
202404,D01,R03,C07,11704.82
202404,D01,R04,C01,144404.98
202404,D01,R04,C02,95298.87
202404,D01,R04,C03,60953.95
202404,D01,R04,C06,13478.73
202404,D01,R04,C07,11415.11
202404,D02,R01,C02,87460.19
202404,D02,R01,C03,52955.84
202404,D02,R01,C04,37114.65
202404,D02,R01,C06,12465.68
202404,D02,R01,C07,10609.24
202404,D02,R02,C02,95044.36
202404,D02,R02,C03,63208.28
202404,D02,R02,C04,42920.71
202404,D02,R02,C06,14423.98
202404,D02,R02,C07,11653.56
202404,D02,R03,C02,79020.93
202404,D02,R03,C03,50548.12
202404,D02,R03,C04,37923.12
202404,D02,R03,C06,12375.77
202404,D02,R03,C07,10194.45
202404,D02,R04,C02,76426.15
202404,D02,R04,C03,51628.14
202404,D02,R04,C04,36271.35
202404,D02,R04,C06,11906.75
202404,D02,R04,C07,9696.46
202404,D03,R01,C03,51876.3
202404,D03,R01,C06,11568.71
202404,D03,R01,C07,10088.87
202404,D03,R02,C03,55271.17
202404,D03,R02,C06,12630.41
202404,D03,R02,C07,10673.97
202404,D03,R03,C03,45866.22
202404,D03,R03,C06,11267.44
202404,D03,R03,C07,9944.98
202404,D03,R04,C03,46642.56
202404,D03,R04,C06,10756.85
202404,D03,R04,C07,8721.47
202404,D04,R01,C03,45611.36
202404,D04,R01,C07,9077.5
202404,D04,R01,C08,7118.7
202404,D04,R02,C03,50324.76
202404,D04,R02,C07,10019.4
202404,D04,R02,C08,8166.02
202404,D04,R03,C03,44087.82
202404,D04,R03,C07,8384.95
202404,D04,R03,C08,6891.95
202404,D04,R04,C03,41812.51
202404,D04,R04,C07,8186.18
202404,D04,R04,C08,6823.5
202404,D05,R01,C03,43615.86
202404,D05,R01,C07,8309.95
202404,D05,R01,C08,6680.73
202404,D05,R02,C03,48494.14
202404,D05,R02,C07,9163.86
202404,D05,R02,C08,7858.1
202404,D05,R03,C03,44072.04
202404,D05,R03,C07,8443.47
202404,D05,R03,C08,6752.95
202404,D05,R04,C03,38048.8
202404,D05,R04,C07,7581.31
202404,D05,R04,C08,6023.84
202404,D06,R01,C03,51185.75
202404,D06,R01,C05,24711.68
202404,D06,R01,C06,11914.64
202404,D06,R01,C07,10427.24
202404,D06,R01,C08,7251.77
202404,D06,R02,C03,52772.41
202404,D06,R02,C05,25279.99
202404,D06,R02,C06,11786.37
202404,D06,R02,C07,10215.16
202404,D06,R02,C08,8514.29
202404,D06,R03,C03,43295.62
202404,D06,R03,C05,22248.77
202404,D06,R03,C06,11704.6
202404,D06,R03,C07,8794.12
202404,D06,R03,C08,7481.33
202404,D06,R04,C03,43030.27
202404,D06,R04,C05,21332.61
202404,D06,R04,C06,10476.98
202404,D06,R04,C07,8772.36
202404,D06,R04,C08,7021.14
202405,D01,R01,C01,154098.21
202405,D01,R01,C02,107663.55
202405,D01,R01,C03,61367.02
202405,D01,R01,C06,14981.74
202405,D01,R01,C07,13418.38
202405,D01,R02,C01,169655.76
202405,D01,R02,C02,119497.46
202405,D01,R02,C03,68826.7
202405,D01,R02,C06,17398.83
202405,D01,R02,C07,14534.81
202405,D01,R03,C01,147974.16
202405,D01,R03,C02,102475.07
202405,D01,R03,C03,61034.25
202405,D01,R03,C06,14728.52
202405,D01,R03,C07,12990.88
202405,D01,R04,C01,129373.67
202405,D01,R04,C02,82164.71
202405,D01,R04,C03,62122.27
202405,D01,R04,C06,13609.66
202405,D01,R04,C07,11690.13
202405,D02,R01,C02,85717.41
202405,D02,R01,C03,55813.68
202405,D02,R01,C04,32957.88
202405,D02,R01,C06,12738.17
202405,D02,R01,C07,11121.46
202405,D02,R02,C02,89360.67
202405,D02,R02,C03,59718.52
202405,D02,R02,C04,36623.85
202405,D02,R02,C06,15304.13
202405,D02,R02,C07,11910.76
202405,D02,R03,C02,84393.87
202405,D02,R03,C03,49452.75
202405,D02,R03,C04,30484.47
202405,D02,R03,C06,12071.1
202405,D02,R03,C07,10523.92
202405,D02,R04,C02,69941.62
202405,D02,R04,C03,51035.67
202405,D02,R04,C04,30918.25
202405,D02,R04,C06,10948.86
202405,D02,R04,C07,9413.44
202405,D03,R01,C03,47345.65
202405,D03,R01,C06,12562.3
202405,D03,R01,C07,10327.51
202405,D03,R02,C03,59066.18
202405,D03,R02,C06,13106.09
202405,D03,R02,C07,10801.04
202405,D03,R03,C03,47534.92
202405,D03,R03,C06,12045.95
202405,D03,R03,C07,10287.03
202405,D03,R04,C03,43206.89
202405,D03,R04,C06,10827.8
202405,D03,R04,C07,9383.92
202405,D04,R01,C03,44306.04
202405,D04,R01,C07,9610.0
202405,D04,R01,C08,7598.08
202405,D04,R02,C03,49330.47
202405,D04,R02,C07,9701.02
202405,D04,R02,C08,8486.85
202405,D04,R03,C03,43673.96
202405,D04,R03,C07,8706.21
202405,D04,R03,C08,7232.75
202405,D04,R04,C03,43214.12
202405,D04,R04,C07,8675.97
202405,D04,R04,C08,6897.46
202405,D05,R01,C03,42167.6
202405,D05,R01,C07,8271.79
202405,D05,R01,C08,7040.71
202405,D05,R02,C03,47871.88
202405,D05,R02,C07,9228.3
202405,D05,R02,C08,8029.69
202405,D05,R03,C03,38586.79
202405,D05,R03,C07,8510.82
202405,D05,R03,C08,6193.84
202405,D05,R04,C03,39399.74
202405,D05,R04,C07,7758.85
202405,D05,R04,C08,6136.51
202405,D06,R01,C03,47177.81
202405,D06,R01,C05,24478.6
202405,D06,R01,C06,11870.18
202405,D06,R01,C07,10000.36
202405,D06,R01,C08,8513.54
202405,D06,R02,C03,53832.14
202405,D06,R02,C05,26453.85
202405,D06,R02,C06,13639.41
202405,D06,R02,C07,10436.86
202405,D06,R02,C08,8692.63
202405,D06,R03,C03,44431.64
202405,D06,R03,C05,25222.11
202405,D06,R03,C06,10368.78
202405,D06,R03,C07,9806.18
202405,D06,R03,C08,7278.78
202405,D06,R04,C03,46335.58
202405,D06,R04,C05,20397.81
202405,D06,R04,C06,10582.53
202405,D06,R04,C07,9408.73
202405,D06,R04,C08,6975.36
202406,D01,R01,C01,153945.53
202406,D01,R01,C02,104367.36
202406,D01,R01,C03,64342.06
202406,D01,R01,C06,14868.85
202406,D01,R01,C07,12503.86
202406,D01,R02,C01,166846.95
202406,D01,R02,C02,109136.77
202406,D01,R02,C03,69541.18
202406,D01,R02,C06,17298.3
202406,D01,R02,C07,14677.53
202406,D01,R03,C01,142105.97
202406,D01,R03,C02,97091.79
202406,D01,R03,C03,56144.99
202406,D01,R03,C06,14087.5
202406,D01,R03,C07,11479.5
202406,D01,R04,C01,136490.15
202406,D01,R04,C02,92800.5
202406,D01,R04,C03,54774.45
202406,D01,R04,C06,13615.72
202406,D01,R04,C07,11611.19
202406,D02,R01,C02,84041.13
202406,D02,R01,C03,52099.96
202406,D02,R01,C04,29880.66
202406,D02,R01,C06,13449.65
202406,D02,R01,C07,10740.0
202406,D02,R02,C02,87893.52
202406,D02,R02,C03,59627.6
202406,D02,R02,C04,35616.51
202406,D02,R02,C06,14599.98
202406,D02,R02,C07,11825.52
202406,D02,R03,C02,83412.81
202406,D02,R03,C03,49455.22
202406,D02,R03,C04,32449.15
202406,D02,R03,C06,12757.02
202406,D02,R03,C07,9299.33
202406,D02,R04,C02,74500.22
202406,D02,R04,C03,45234.07
202406,D02,R04,C04,29972.76
202406,D02,R04,C06,11778.99
202406,D02,R04,C07,9395.4
202406,D03,R01,C03,51956.73
202406,D03,R01,C06,12147.26
202406,D03,R01,C07,10712.84
202406,D03,R02,C03,55992.84
202406,D03,R02,C06,13189.07
202406,D03,R02,C07,10880.45
202406,D03,R03,C03,45865.35
202406,D03,R03,C06,11315.45
202406,D03,R03,C07,8966.78
202406,D03,R04,C03,48415.89
202406,D03,R04,C06,11263.54
202406,D03,R04,C07,9693.54
202406,D04,R01,C03,46887.72
202406,D04,R01,C07,9115.41
202406,D04,R01,C08,7456.18
202406,D04,R02,C03,51688.21
202406,D04,R02,C07,10267.92
202406,D04,R02,C08,7760.79
202406,D04,R03,C03,42261.94
202406,D04,R03,C07,8233.35
202406,D04,R03,C08,7136.08
202406,D04,R04,C03,40640.53
202406,D04,R04,C07,7859.32
202406,D04,R04,C08,6534.33
202406,D05,R01,C03,41370.77
202406,D05,R01,C07,8134.87
202406,D05,R01,C08,6779.42
202406,D05,R02,C03,47740.52
202406,D05,R02,C07,9718.13
202406,D05,R02,C08,7642.2
202406,D05,R03,C03,39847.35
202406,D05,R03,C07,8363.5
202406,D05,R03,C08,6462.11
202406,D05,R04,C03,37269.07
202406,D05,R04,C07,8027.57
202406,D05,R04,C08,5923.24
202406,D06,R01,C03,46199.37
202406,D06,R01,C05,22902.79
202406,D06,R01,C06,11365.41
202406,D06,R01,C07,9276.91
202406,D06,R01,C08,7929.29
202406,D06,R02,C03,50587.03
202406,D06,R02,C05,24285.16
202406,D06,R02,C06,12403.59
202406,D06,R02,C07,9929.69
202406,D06,R02,C08,8566.78
202406,D06,R03,C03,46366.02
202406,D06,R03,C05,21953.59
202406,D06,R03,C06,10945.22
202406,D06,R03,C07,8618.84
202406,D06,R03,C08,7116.31
202406,D06,R04,C03,42559.49
202406,D06,R04,C05,21479.06
202406,D06,R04,C06,10021.6
202406,D06,R04,C07,8866.5
202406,D06,R04,C08,7431.48
202407,D01,R01,C01,145373.96
202407,D01,R01,C02,103122.41
202407,D01,R01,C03,60253.1
202407,D01,R01,C06,14486.8
202407,D01,R01,C07,12226.33
202407,D01,R02,C01,168460.04
202407,D01,R02,C02,104538.02
202407,D01,R02,C03,68269.32
202407,D01,R02,C06,16319.88
202407,D01,R02,C07,12804.21
202407,D01,R03,C01,132312.2
202407,D01,R03,C02,89029.04
202407,D01,R03,C03,57491.17
202407,D01,R03,C06,13730.79
202407,D01,R03,C07,11458.86
202407,D01,R04,C01,128915.62
202407,D01,R04,C02,84821.38
202407,D01,R04,C03,54193.24
202407,D01,R04,C06,13225.87
202407,D01,R04,C07,10785.0
202407,D02,R01,C02,85442.23
202407,D02,R01,C03,48319.38
202407,D02,R01,C04,30004.62
202407,D02,R01,C06,11512.64
202407,D02,R01,C07,9561.0
202407,D02,R02,C02,86713.82
202407,D02,R02,C03,56852.02
202407,D02,R02,C04,33345.81
202407,D02,R02,C06,13547.96
202407,D02,R02,C07,11263.65
202407,D02,R03,C02,73537.5
202407,D02,R03,C03,48399.08
202407,D02,R03,C04,29229.45
202407,D02,R03,C06,12283.25
202407,D02,R03,C07,9025.31
202407,D02,R04,C02,76234.49
202407,D02,R04,C03,45584.3
202407,D02,R04,C04,26247.62
202407,D02,R04,C06,11747.28
202407,D02,R04,C07,9632.25
202407,D03,R01,C03,46384.12
202407,D03,R01,C06,11400.55
202407,D03,R01,C07,10067.31
202407,D03,R02,C03,56497.62
202407,D03,R02,C06,12920.86
202407,D03,R02,C07,10847.95
202407,D03,R03,C03,47001.64
202407,D03,R03,C06,10989.98
202407,D03,R03,C07,9561.88
202407,D03,R04,C03,43304.66
202407,D03,R04,C06,10337.4
202407,D03,R04,C07,9284.74
202407,D04,R01,C03,41668.52
202407,D04,R01,C07,8670.77
202407,D04,R01,C08,7200.99
202407,D04,R02,C03,50565.52
202407,D04,R02,C07,9744.29
202407,D04,R02,C08,7848.06
202407,D04,R03,C03,40359.27
202407,D04,R03,C07,8353.93
202407,D04,R03,C08,6666.77
202407,D04,R04,C03,38682.11
202407,D04,R04,C07,7700.57
202407,D04,R04,C08,6302.26
202407,D05,R01,C03,39689.87
202407,D05,R01,C07,8299.76
202407,D05,R01,C08,6234.42
202407,D05,R02,C03,43529.11
202407,D05,R02,C07,8967.13
202407,D05,R02,C08,7355.93
202407,D05,R03,C03,38567.97
202407,D05,R03,C07,7740.82
202407,D05,R03,C08,6751.76
202407,D05,R04,C03,38191.29
202407,D05,R04,C07,7102.93
202407,D05,R04,C08,5921.87
202407,D06,R01,C03,46389.68
202407,D06,R01,C05,32899.79
202407,D06,R01,C06,11238.89
202407,D06,R01,C07,8737.55
202407,D06,R01,C08,7096.98
202407,D06,R02,C03,48881.3
202407,D06,R02,C05,35517.42
202407,D06,R02,C06,12637.93
202407,D06,R02,C07,9903.91
202407,D06,R02,C08,8262.13
202407,D06,R03,C03,43196.43
202407,D06,R03,C05,30153.71
202407,D06,R03,C06,10023.99
202407,D06,R03,C07,8721.35
202407,D06,R03,C08,6964.62
202407,D06,R04,C03,40091.16
202407,D06,R04,C05,26747.81
202407,D06,R04,C06,9540.71
202407,D06,R04,C07,8179.9
202407,D06,R04,C08,7122.28
202408,D01,R01,C01,146811.45
202408,D01,R01,C02,101493.01
202408,D01,R01,C03,60266.96
202408,D01,R01,C06,16476.0
202408,D01,R01,C07,12425.2
202408,D01,R02,C01,162213.88
202408,D01,R02,C02,120782.07
202408,D01,R02,C03,72562.13
202408,D01,R02,C06,17306.77
202408,D01,R02,C07,13820.23
202408,D01,R03,C01,142659.83
202408,D01,R03,C02,98789.52
202408,D01,R03,C03,60682.84
202408,D01,R03,C06,14286.92
202408,D01,R03,C07,12493.33
202408,D01,R04,C01,117370.99
202408,D01,R04,C02,83155.53
202408,D01,R04,C03,54735.47
202408,D01,R04,C06,13329.66
202408,D01,R04,C07,11379.68
202408,D02,R01,C02,87914.1
202408,D02,R01,C03,50587.48
202408,D02,R01,C04,29663.35
202408,D02,R01,C06,12555.37
202408,D02,R01,C07,10702.17
202408,D02,R02,C02,95179.61
202408,D02,R02,C03,55347.01
202408,D02,R02,C04,35813.39
202408,D02,R02,C06,14450.23
202408,D02,R02,C07,11451.57
202408,D02,R03,C02,81938.1
202408,D02,R03,C03,47570.22
202408,D02,R03,C04,29494.33
202408,D02,R03,C06,12642.01
202408,D02,R03,C07,10166.53
202408,D02,R04,C02,72144.95
202408,D02,R04,C03,47581.11
202408,D02,R04,C04,29517.42
202408,D02,R04,C06,11448.2
202408,D02,R04,C07,9670.49
202408,D03,R01,C03,52308.96
202408,D03,R01,C06,12433.5
202408,D03,R01,C07,9583.82
202408,D03,R02,C03,56382.49
202408,D03,R02,C06,13367.01
202408,D03,R02,C07,11836.83
202408,D03,R03,C03,47346.41
202408,D03,R03,C06,11509.84
202408,D03,R03,C07,10020.28
202408,D03,R04,C03,45200.51
202408,D03,R04,C06,10629.48
202408,D03,R04,C07,9340.64
202408,D04,R01,C03,45871.22
202408,D04,R01,C07,9402.29
202408,D04,R01,C08,6981.66
202408,D04,R02,C03,51538.13
202408,D04,R02,C07,9737.31
202408,D04,R02,C08,7787.87
202408,D04,R03,C03,41841.62
202408,D04,R03,C07,8953.67
202408,D04,R03,C08,6974.78
202408,D04,R04,C03,40967.83
202408,D04,R04,C07,7986.36
202408,D04,R04,C08,6757.26
202408,D05,R01,C03,43232.63
202408,D05,R01,C07,9205.27
202408,D05,R01,C08,6607.31
202408,D05,R02,C03,46268.94
202408,D05,R02,C07,9634.11
202408,D05,R02,C08,7229.42
202408,D05,R03,C03,41972.62
202408,D05,R03,C07,8310.08
202408,D05,R03,C08,6408.8
202408,D05,R04,C03,39173.44
202408,D05,R04,C07,7548.44
202408,D05,R04,C08,6349.07
202408,D06,R01,C03,50141.63
202408,D06,R01,C05,31487.75
202408,D06,R01,C06,11304.09
202408,D06,R01,C07,9644.64
202408,D06,R01,C08,7926.86
202408,D06,R02,C03,50665.93
202408,D06,R02,C05,35594.76
202408,D06,R02,C06,12900.05
202408,D06,R02,C07,10533.34
202408,D06,R02,C08,8233.88
202408,D06,R03,C03,46634.76
202408,D06,R03,C05,32605.54
202408,D06,R03,C06,10976.49
202408,D06,R03,C07,8849.41
202408,D06,R03,C08,7079.56
202408,D06,R04,C03,45016.59
202408,D06,R04,C05,28643.74
202408,D06,R04,C06,10512.69
202408,D06,R04,C07,8785.24
202408,D06,R04,C08,7118.57
202409,D01,R01,C01,152940.4
202409,D01,R01,C02,101092.85
202409,D01,R01,C03,61853.94
202409,D01,R01,C06,15647.07
202409,D01,R01,C07,12563.95
202409,D01,R02,C01,161147.66
202409,D01,R02,C02,116350.89
202409,D01,R02,C03,67567.04
202409,D01,R02,C06,16560.77
202409,D01,R02,C07,13837.62
202409,D01,R03,C01,149498.75
202409,D01,R03,C02,98751.08
202409,D01,R03,C03,62036.7
202409,D01,R03,C06,14717.95
202409,D01,R03,C07,11978.62
202409,D01,R04,C01,138883.15
202409,D01,R04,C02,87240.46
202409,D01,R04,C03,61271.41
202409,D01,R04,C06,13882.89
202409,D01,R04,C07,10976.82
202409,D02,R01,C02,82340.1
202409,D02,R01,C03,55203.31
202409,D02,R01,C04,38067.76
202409,D02,R01,C06,13178.19
202409,D02,R01,C07,10963.74
202409,D02,R02,C02,95430.09
202409,D02,R02,C03,55798.2
202409,D02,R02,C04,42749.16
202409,D02,R02,C06,14545.38
202409,D02,R02,C07,11795.14
202409,D02,R03,C02,80265.08
202409,D02,R03,C03,51836.77
202409,D02,R03,C04,37681.06
202409,D02,R03,C06,12007.36
202409,D02,R03,C07,10660.85
202409,D02,R04,C02,80635.27
202409,D02,R04,C03,48374.85
202409,D02,R04,C04,35297.09
202409,D02,R04,C06,12200.7
202409,D02,R04,C07,10278.86
202409,D03,R01,C03,49199.75
202409,D03,R01,C06,11681.79
202409,D03,R01,C07,10985.26
202409,D03,R02,C03,57462.19
202409,D03,R02,C06,13033.16
202409,D03,R02,C07,11774.28
202409,D03,R03,C03,48973.94
202409,D03,R03,C06,11521.5
202409,D03,R03,C07,9648.99
202409,D03,R04,C03,43714.19
202409,D03,R04,C06,10124.88
202409,D03,R04,C07,9268.29
202409,D04,R01,C03,47075.47
202409,D04,R01,C07,8728.4
202409,D04,R01,C08,7192.65
202409,D04,R02,C03,50416.32
202409,D04,R02,C07,10086.97
202409,D04,R02,C08,8405.74
202409,D04,R03,C03,43255.05
202409,D04,R03,C07,8646.26
202409,D04,R03,C08,7097.66
202409,D04,R04,C03,41361.46
202409,D04,R04,C07,8027.75
202409,D04,R04,C08,6575.92
202409,D05,R01,C03,40567.68
202409,D05,R01,C07,8107.95
202409,D05,R01,C08,7061.33
202409,D05,R02,C03,47285.01
202409,D05,R02,C07,9882.46
202409,D05,R02,C08,7662.77
202409,D05,R03,C03,42396.19
202409,D05,R03,C07,8117.72
202409,D05,R03,C08,6323.64
202409,D05,R04,C03,38496.29
202409,D05,R04,C07,7703.64
202409,D05,R04,C08,6612.22
202409,D06,R01,C03,48455.43
202409,D06,R01,C05,31306.44
202409,D06,R01,C06,10750.88
202409,D06,R01,C07,9994.23
202409,D06,R01,C08,7605.89
202409,D06,R02,C03,52714.28
202409,D06,R02,C05,35535.28
202409,D06,R02,C06,12847.83
202409,D06,R02,C07,10160.97
202409,D06,R02,C08,9050.63
202409,D06,R03,C03,44490.72
202409,D06,R03,C05,30774.07
202409,D06,R03,C06,10168.34
202409,D06,R03,C07,9170.66
202409,D06,R03,C08,7135.6
202409,D06,R04,C03,40251.89
202409,D06,R04,C05,31227.74
202409,D06,R04,C06,10115.7
202409,D06,R04,C07,8764.94
202409,D06,R04,C08,6886.14
202410,D01,R01,C01,154032.63
202410,D01,R01,C02,109004.85
202410,D01,R01,C03,60938.63
202410,D01,R01,C06,15448.85
202410,D01,R01,C07,14104.01
202410,D01,R02,C01,209127.6
202410,D01,R02,C02,135725.1
202410,D01,R02,C03,68006.13
202410,D01,R02,C06,17460.31
202410,D01,R02,C07,14031.24
202410,D01,R03,C01,145155.38
202410,D01,R03,C02,100028.81
202410,D01,R03,C03,62449.67
202410,D01,R03,C06,15387.77
202410,D01,R03,C07,11592.19
202410,D01,R04,C01,138529.21
202410,D01,R04,C02,91693.32
202410,D01,R04,C03,62346.3
202410,D01,R04,C06,13611.35
202410,D01,R04,C07,11208.26
202410,D02,R01,C02,88040.65
202410,D02,R01,C03,51864.42
202410,D02,R01,C04,32842.3
202410,D02,R01,C06,12626.94
202410,D02,R01,C07,10880.24
202410,D02,R02,C02,94991.24
202410,D02,R02,C03,62101.26
202410,D02,R02,C04,36515.47
202410,D02,R02,C06,15466.7
202410,D02,R02,C07,12216.76
202410,D02,R03,C02,82251.67
202410,D02,R03,C03,51668.83
202410,D02,R03,C04,30878.47
202410,D02,R03,C06,12629.39
202410,D02,R03,C07,9930.44
202410,D02,R04,C02,75996.61
202410,D02,R04,C03,46875.46
202410,D02,R04,C04,29369.23
202410,D02,R04,C06,11850.44
202410,D02,R04,C07,10140.18
202410,D03,R01,C03,51930.37
202410,D03,R01,C06,13002.34
202410,D03,R01,C07,10964.16
202410,D03,R02,C03,57043.08
202410,D03,R02,C06,13052.88
202410,D03,R02,C07,11422.45
202410,D03,R03,C03,51558.94
202410,D03,R03,C06,11654.24
202410,D03,R03,C07,9736.86
202410,D03,R04,C03,47894.3
202410,D03,R04,C06,11126.69
202410,D03,R04,C07,9208.32
202410,D04,R01,C03,45968.51
202410,D04,R01,C07,9840.26
202410,D04,R01,C08,7799.13
202410,D04,R02,C03,50123.92
202410,D04,R02,C07,10714.4
202410,D04,R02,C08,8368.31
202410,D04,R03,C03,47012.76
202410,D04,R03,C07,9315.23
202410,D04,R03,C08,7091.05
202410,D04,R04,C03,40454.81
202410,D04,R04,C07,8388.85
202410,D04,R04,C08,6869.5
202410,D05,R01,C03,43510.11
202410,D05,R01,C07,8405.98
202410,D05,R01,C08,6862.64
202410,D05,R02,C03,52392.42
202410,D05,R02,C07,10324.93
202410,D05,R02,C08,7872.8
202410,D05,R03,C03,39707.77
202410,D05,R03,C07,8389.62
202410,D05,R03,C08,6622.69
202410,D05,R04,C03,41426.3
202410,D05,R04,C07,7895.8
202410,D05,R04,C08,6715.78
202410,D06,R01,C03,47592.83
202410,D06,R01,C05,25119.4
202410,D06,R01,C06,11944.33
202410,D06,R01,C07,10545.32
202410,D06,R01,C08,7793.8
202410,D06,R02,C03,52741.5
202410,D06,R02,C05,27065.21
202410,D06,R02,C06,13579.74
202410,D06,R02,C07,11760.74
202410,D06,R02,C08,8886.93
202410,D06,R03,C03,46547.96
202410,D06,R03,C05,24459.02
202410,D06,R03,C06,11260.48
202410,D06,R03,C07,9724.29
202410,D06,R03,C08,7734.28
202410,D06,R04,C03,45804.36
202410,D06,R04,C05,22084.88
202410,D06,R04,C06,10682.79
202410,D06,R04,C07,8428.48
202410,D06,R04,C08,7177.67
202411,D01,R01,C01,151319.63
202411,D01,R01,C02,112553.22
202411,D01,R01,C03,66593.07
202411,D01,R01,C06,15574.78
202411,D01,R01,C07,13151.65
202411,D01,R02,C01,203835.26
202411,D01,R02,C02,134960.32
202411,D01,R02,C03,74969.1
202411,D01,R02,C06,18374.02
202411,D01,R02,C07,14820.6
202411,D01,R03,C01,162264.29
202411,D01,R03,C02,106377.37
202411,D01,R03,C03,68157.61
202411,D01,R03,C06,15152.14
202411,D01,R03,C07,12355.43
202411,D01,R04,C01,138530.14
202411,D01,R04,C02,101122.27
202411,D01,R04,C03,57688.32
202411,D01,R04,C06,14180.87
202411,D01,R04,C07,11789.33
202411,D02,R01,C02,89642.75
202411,D02,R01,C03,58363.72
202411,D02,R01,C04,33255.16
202411,D02,R01,C06,13436.65
202411,D02,R01,C07,11208.5
202411,D02,R02,C02,101594.3
202411,D02,R02,C03,61956.0
202411,D02,R02,C04,38243.42
202411,D02,R02,C06,14961.58
202411,D02,R02,C07,12914.06
202411,D02,R03,C02,90257.46
202411,D02,R03,C03,54098.15
202411,D02,R03,C04,31509.75
202411,D02,R03,C06,13379.89
202411,D02,R03,C07,10588.61
202411,D02,R04,C02,77422.45
202411,D02,R04,C03,53134.94
202411,D02,R04,C04,30280.84
202411,D02,R04,C06,12629.88
202411,D02,R04,C07,9885.96
202411,D03,R01,C03,53186.78
202411,D03,R01,C06,13353.69
202411,D03,R01,C07,10844.86
202411,D03,R02,C03,59514.6
202411,D03,R02,C06,14272.19
202411,D03,R02,C07,11921.82
202411,D03,R03,C03,52078.7
202411,D03,R03,C06,12995.57
202411,D03,R03,C07,10124.12
202411,D03,R04,C03,49018.28
202411,D03,R04,C06,11204.91
202411,D03,R04,C07,10472.47
202411,D04,R01,C03,50728.98
202411,D04,R01,C07,9361.17
202411,D04,R01,C08,7957.15
202411,D04,R02,C03,55316.79
202411,D04,R02,C07,10386.94
202411,D04,R02,C08,8581.6
202411,D04,R03,C03,48267.51
202411,D04,R03,C07,8727.88
202411,D04,R03,C08,7484.06
202411,D04,R04,C03,43158.49
202411,D04,R04,C07,9069.5
202411,D04,R04,C08,7377.47
202411,D05,R01,C03,47092.67
202411,D05,R01,C07,9260.99
202411,D05,R01,C08,7728.08
202411,D05,R02,C03,52282.51
202411,D05,R02,C07,9760.9
202411,D05,R02,C08,8152.29
202411,D05,R03,C03,40033.09
202411,D05,R03,C07,8666.86
202411,D05,R03,C08,6871.61
202411,D05,R04,C03,41136.11
202411,D05,R04,C07,8147.45
202411,D05,R04,C08,6882.79
202411,D06,R01,C03,51643.39
202411,D06,R01,C05,26572.69
202411,D06,R01,C06,11551.02
202411,D06,R01,C07,10398.54
202411,D06,R01,C08,8352.96
202411,D06,R02,C03,58351.34
202411,D06,R02,C05,26841.45
202411,D06,R02,C06,13655.61
202411,D06,R02,C07,11684.44
202411,D06,R02,C08,9399.79
202411,D06,R03,C03,47610.6
202411,D06,R03,C05,22986.52
202411,D06,R03,C06,12591.94
202411,D06,R03,C07,8991.37
202411,D06,R03,C08,8039.65
202411,D06,R04,C03,44607.13
202411,D06,R04,C05,24561.1
202411,D06,R04,C06,11793.56
202411,D06,R04,C07,9523.21
202411,D06,R04,C08,7485.53
202412,D01,R01,C01,169621.56
202412,D01,R01,C02,114546.04
202412,D01,R01,C03,71278.45
202412,D01,R01,C06,17429.23
202412,D01,R01,C07,13963.14
202412,D01,R02,C01,231057.16
202412,D01,R02,C02,148119.0
202412,D01,R02,C03,75173.96
202412,D01,R02,C06,18817.82
202412,D01,R02,C07,15490.32
202412,D01,R03,C01,160065.88
202412,D01,R03,C02,99086.18
202412,D01,R03,C03,66601.1
202412,D01,R03,C06,15671.29
202412,D01,R03,C07,12608.55
202412,D01,R04,C01,144133.27
202412,D01,R04,C02,92432.37
202412,D01,R04,C03,59812.79
202412,D01,R04,C06,15605.33
202412,D01,R04,C07,12607.42
202412,D02,R01,C02,91483.33
202412,D02,R01,C03,58898.24
202412,D02,R01,C04,34953.05
202412,D02,R01,C06,14213.91
202412,D02,R01,C07,12486.64
202412,D02,R02,C02,102035.56
202412,D02,R02,C03,65008.04
202412,D02,R02,C04,40579.67
202412,D02,R02,C06,16722.42
202412,D02,R02,C07,12569.25
202412,D02,R03,C02,87345.08
202412,D02,R03,C03,52874.73
202412,D02,R03,C04,35990.84
202412,D02,R03,C06,12560.99
202412,D02,R03,C07,11743.91
202412,D02,R04,C02,89345.29
202412,D02,R04,C03,55012.24
202412,D02,R04,C04,31846.83
202412,D02,R04,C06,11927.3
202412,D02,R04,C07,10513.14
202412,D03,R01,C03,54865.75
202412,D03,R01,C06,12617.53
202412,D03,R01,C07,11139.05
202412,D03,R02,C03,62665.16
202412,D03,R02,C06,14321.58
202412,D03,R02,C07,13237.7
202412,D03,R03,C03,56916.58
202412,D03,R03,C06,13390.6
202412,D03,R03,C07,11182.17
202412,D03,R04,C03,48485.06
202412,D03,R04,C06,11795.19
202412,D03,R04,C07,10286.2
202412,D04,R01,C03,51669.42
202412,D04,R01,C07,9750.97
202412,D04,R01,C08,8384.0
202412,D04,R02,C03,53851.25
202412,D04,R02,C07,10804.86
202412,D04,R02,C08,8926.58
202412,D04,R03,C03,48413.63
202412,D04,R03,C07,9691.81
202412,D04,R03,C08,7309.26
202412,D04,R04,C03,47083.8
202412,D04,R04,C07,8789.22
202412,D04,R04,C08,6972.58
202412,D05,R01,C03,49401.65
202412,D05,R01,C07,10075.0
202412,D05,R01,C08,8176.24
202412,D05,R02,C03,54415.29
202412,D05,R02,C07,10841.81
202412,D05,R02,C08,8424.43
202412,D05,R03,C03,43817.45
202412,D05,R03,C07,8653.61
202412,D05,R03,C08,7002.74
202412,D05,R04,C03,41348.71
202412,D05,R04,C07,8740.15
202412,D05,R04,C08,6602.53
202412,D06,R01,C03,49503.3
202412,D06,R01,C05,25394.04
202412,D06,R01,C06,13492.45
202412,D06,R01,C07,10051.53
202412,D06,R01,C08,8798.29
202412,D06,R02,C03,57069.54
202412,D06,R02,C05,29462.01
202412,D06,R02,C06,13925.88
202412,D06,R02,C07,11800.75
202412,D06,R02,C08,9232.92
202412,D06,R03,C03,49404.76
202412,D06,R03,C05,24434.25
202412,D06,R03,C06,11580.75
202412,D06,R03,C07,10101.91
202412,D06,R03,C08,8065.8
202412,D06,R04,C03,48011.66
202412,D06,R04,C05,25379.12
202412,D06,R04,C06,11981.94
202412,D06,R04,C07,9785.44
202412,D06,R04,C08,7788.15
