month_id,department_id,region_id,category_id,budget_amount
202401,D01,R01,C01,140712.2
202401,D01,R01,C02,99281.79
202401,D01,R01,C03,60752.46
202401,D01,R01,C06,14390.59
202401,D01,R01,C07,11466.52
202401,D01,R02,C01,151357.71
202401,D01,R02,C02,99881.97
202401,D01,R02,C03,67704.09
202401,D01,R02,C06,15833.5
202401,D01,R02,C07,13334.29
202401,D01,R03,C01,128884.91
202401,D01,R03,C02,94490.94
202401,D01,R03,C03,58281.43
202401,D01,R03,C06,13148.08
202401,D01,R03,C07,10922.31
202401,D01,R04,C01,124189.66
202401,D01,R04,C02,83826.27
202401,D01,R04,C03,53569.79
202401,D01,R04,C06,12737.72
202401,D01,R04,C07,10464.38
202401,D02,R01,C02,80692.59
202401,D02,R01,C03,48076.98
202401,D02,R01,C04,29302.99
202401,D02,R01,C06,11810.04
202401,D02,R01,C07,9931.18
202401,D02,R02,C02,90283.27
202401,D02,R02,C03,53214.84
202401,D02,R02,C04,32964.36
202401,D02,R02,C06,13288.68
202401,D02,R02,C07,10474.84
202401,D02,R03,C02,76625.3
202401,D02,R03,C03,45820.15
202401,D02,R03,C04,27192.25
202401,D02,R03,C06,11881.95
202401,D02,R03,C07,9917.49
202401,D02,R04,C02,74034.91
202401,D02,R04,C03,44010.46
202401,D02,R04,C04,25848.93
202401,D02,R04,C06,10971.47
202401,D02,R04,C07,8923.77
202401,D03,R01,C03,45704.68
202401,D03,R01,C06,11394.5
202401,D03,R01,C07,9057.67
202401,D03,R02,C03,54388.7
202401,D03,R02,C06,12237.51
202401,D03,R02,C07,10619.84
202401,D03,R03,C03,44275.35
202401,D03,R03,C06,10851.73
202401,D03,R03,C07,9067.16
202401,D03,R04,C03,41402.75
202401,D03,R04,C06,10741.79
202401,D03,R04,C07,8785.24
202401,D04,R01,C03,44628.86
202401,D04,R01,C07,8887.58
202401,D04,R01,C08,6906.96
202401,D04,R02,C03,49008.86
202401,D04,R02,C07,9017.98
202401,D04,R02,C08,7295.26
202401,D04,R03,C03,38765.55
202401,D04,R03,C07,7980.62
202401,D04,R03,C08,6425.66
202401,D04,R04,C03,37595.27
202401,D04,R04,C07,7947.96
202401,D04,R04,C08,6067.82
202401,D05,R01,C03,39490.52
202401,D05,R01,C07,8109.48
202401,D05,R01,C08,6228.04
202401,D05,R02,C03,45754.63
202401,D05,R02,C07,8504.59
202401,D05,R02,C08,7451.98
202401,D05,R03,C03,39400.48
202401,D05,R03,C07,7440.13
202401,D05,R03,C08,5833.54
202401,D05,R04,C03,37483.81
202401,D05,R04,C07,7417.83
202401,D05,R04,C08,5947.14
202401,D06,R01,C03,46349.11
202401,D06,R01,C05,21601.44
202401,D06,R01,C06,10676.72
202401,D06,R01,C07,8678.32
202401,D06,R01,C08,7482.16
202401,D06,R02,C03,50249.52
202401,D06,R02,C05,24399.06
202401,D06,R02,C06,11393.07
202401,D06,R02,C07,9739.85
202401,D06,R02,C08,7803.16
202401,D06,R03,C03,43853.04
202401,D06,R03,C05,21729.22
202401,D06,R03,C06,10686.88
202401,D06,R03,C07,8549.93
202401,D06,R03,C08,6598.08
202401,D06,R04,C03,41478.54
202401,D06,R04,C05,20835.81
202401,D06,R04,C06,9806.73
202401,D06,R04,C07,8342.59
202401,D06,R04,C08,6493.97
202402,D01,R01,C01,145830.76
202402,D01,R01,C02,96297.15
202402,D01,R01,C03,57747.85
202402,D01,R01,C06,13979.48
202402,D01,R01,C07,11556.86
202402,D01,R02,C01,162233.25
202402,D01,R02,C02,104719.18
202402,D01,R02,C03,66744.66
202402,D01,R02,C06,16657.31
202402,D01,R02,C07,13003.12
202402,D01,R03,C01,136986.27
202402,D01,R03,C02,94504.9
202402,D01,R03,C03,56031.8
202402,D01,R03,C06,13237.78
202402,D01,R03,C07,11276.57
202402,D01,R04,C01,126513.69
202402,D01,R04,C02,91051.26
202402,D01,R04,C03,56243.68
202402,D01,R04,C06,13269.69
202402,D01,R04,C07,11317.86
202402,D02,R01,C02,83954.32
202402,D02,R01,C03,49328.86
202402,D02,R01,C04,31754.46
202402,D02,R01,C06,12270.08
202402,D02,R01,C07,10498.13
202402,D02,R02,C02,93178.09
202402,D02,R02,C03,54998.0
202402,D02,R02,C04,32299.87
202402,D02,R02,C06,13078.43
202402,D02,R02,C07,11121.84
202402,D02,R03,C02,79867.63
202402,D02,R03,C03,50123.92
202402,D02,R03,C04,27596.07
202402,D02,R03,C06,11623.38
202402,D02,R03,C07,9595.84
202402,D02,R04,C02,71294.16
202402,D02,R04,C03,44090.25
202402,D02,R04,C04,27052.95
202402,D02,R04,C06,11486.99
202402,D02,R04,C07,9004.44
202402,D03,R01,C03,48591.13
202402,D03,R01,C06,11876.31
202402,D03,R01,C07,9567.72
202402,D03,R02,C03,55866.96
202402,D03,R02,C06,13396.12
202402,D03,R02,C07,10405.15
202402,D03,R03,C03,46062.32
202402,D03,R03,C06,10837.81
202402,D03,R03,C07,9016.73
202402,D03,R04,C03,41628.51
202402,D03,R04,C06,10590.78
202402,D03,R04,C07,8732.34
202402,D04,R01,C03,41692.2
202402,D04,R01,C07,8536.76
202402,D04,R01,C08,7269.13
202402,D04,R02,C03,46764.51
202402,D04,R02,C07,9261.99
202402,D04,R02,C08,7674.3
202402,D04,R03,C03,43481.37
202402,D04,R03,C07,8079.57
202402,D04,R03,C08,6749.01
202402,D04,R04,C03,40312.77
202402,D04,R04,C07,7650.86
202402,D04,R04,C08,6429.05
202402,D05,R01,C03,40679.94
202402,D05,R01,C07,8354.09
202402,D05,R01,C08,6684.08
202402,D05,R02,C03,45509.73
202402,D05,R02,C07,8697.91
202402,D05,R02,C08,7498.88
202402,D05,R03,C03,38461.86
202402,D05,R03,C07,7587.21
202402,D05,R03,C08,5978.44
202402,D05,R04,C03,37439.74
202402,D05,R04,C07,7552.26
202402,D05,R04,C08,5649.43
202402,D06,R01,C03,46130.72
202402,D06,R01,C05,22407.41
202402,D06,R01,C06,11218.53
202402,D06,R01,C07,8914.93
202402,D06,R01,C08,7512.76
202402,D06,R02,C03,50108.45
202402,D06,R02,C05,26447.98
202402,D06,R02,C06,11722.89
202402,D06,R02,C07,9975.4
202402,D06,R02,C08,7795.76
202402,D06,R03,C03,45630.19
202402,D06,R03,C05,22711.46
202402,D06,R03,C06,10250.82
202402,D06,R03,C07,8894.3
202402,D06,R03,C08,7225.56
202402,D06,R04,C03,41696.4
202402,D06,R04,C05,20795.23
202402,D06,R04,C06,9695.29
202402,D06,R04,C07,7956.04
202402,D06,R04,C08,6898.34
202403,D01,R01,C01,156006.27
202403,D01,R01,C02,101331.01
202403,D01,R01,C03,61493.94
202403,D01,R01,C06,14773.81
202403,D01,R01,C07,12782.44
202403,D01,R02,C01,171552.32
202403,D01,R02,C02,114257.95
202403,D01,R02,C03,70674.14
202403,D01,R02,C06,16734.35
202403,D01,R02,C07,13178.19
202403,D01,R03,C01,137678.21
202403,D01,R03,C02,98786.26
202403,D01,R03,C03,60006.92
202403,D01,R03,C06,13550.61
202403,D01,R03,C07,11401.75
202403,D01,R04,C01,137207.27
202403,D01,R04,C02,85545.55
202403,D01,R04,C03,54342.05
202403,D01,R04,C06,13565.79
202403,D01,R04,C07,11465.88
202403,D02,R01,C02,85276.47
202403,D02,R01,C03,51052.41
202403,D02,R01,C04,32168.36
202403,D02,R01,C06,12268.93
202403,D02,R01,C07,10316.67
202403,D02,R02,C02,94677.58
202403,D02,R02,C03,58614.13
202403,D02,R02,C04,35860.06
202403,D02,R02,C06,14078.45
202403,D02,R02,C07,11628.9
202403,D02,R03,C02,76557.52
202403,D02,R03,C03,49215.23
202403,D02,R03,C04,29222.37
202403,D02,R03,C06,11663.56
202403,D02,R03,C07,10446.83
202403,D02,R04,C02,74791.82
202403,D02,R04,C03,49102.42
202403,D02,R04,C04,28721.78
202403,D02,R04,C06,11674.32
202403,D02,R04,C07,9452.49
202403,D03,R01,C03,50384.52
202403,D03,R01,C06,11991.02
202403,D03,R01,C07,9695.24
202403,D03,R02,C03,56223.49
202403,D03,R02,C06,12910.62
202403,D03,R02,C07,10476.75
202403,D03,R03,C03,48190.99
202403,D03,R03,C06,11031.91
202403,D03,R03,C07,9918.44
202403,D03,R04,C03,47042.68
202403,D03,R04,C06,11248.05
202403,D03,R04,C07,8883.14
202403,D04,R01,C03,42819.55
202403,D04,R01,C07,9385.49
202403,D04,R01,C08,7148.29
202403,D04,R02,C03,51809.94
202403,D04,R02,C07,10358.98
202403,D04,R02,C08,8199.58
202403,D04,R03,C03,41871.27
202403,D04,R03,C07,8451.76
202403,D04,R03,C08,7080.18
202403,D04,R04,C03,39758.53
202403,D04,R04,C07,7832.29
202403,D04,R04,C08,6516.81
202403,D05,R01,C03,44353.66
202403,D05,R01,C07,8666.63
202403,D05,R01,C08,6847.64
202403,D05,R02,C03,44866.8
202403,D05,R02,C07,9457.53
202403,D05,R02,C08,7846.56
202403,D05,R03,C03,38921.84
202403,D05,R03,C07,8089.8
202403,D05,R03,C08,6703.78
202403,D05,R04,C03,39170.94
202403,D05,R04,C07,7800.72
202403,D05,R04,C08,6243.92
202403,D06,R01,C03,46832.58
202403,D06,R01,C05,23259.78
202403,D06,R01,C06,11752.67
202403,D06,R01,C07,9794.61
202403,D06,R01,C08,7878.97
202403,D06,R02,C03,54409.18
202403,D06,R02,C05,26154.63
202403,D06,R02,C06,12541.9
202403,D06,R02,C07,10761.72
202403,D06,R02,C08,8485.37
202403,D06,R03,C03,46036.38
202403,D06,R03,C05,23229.88
202403,D06,R03,C06,11252.38
202403,D06,R03,C07,8878.79
202403,D06,R03,C08,7130.17
202403,D06,R04,C03,41014.27
202403,D06,R04,C05,21542.32
202403,D06,R04,C06,9783.88
202403,D06,R04,C07,8520.59
202403,D06,R04,C08,6869.17
202404,D01,R01,C01,149734.08
202404,D01,R01,C02,102926.5
202404,D01,R01,C03,60756.94
202404,D01,R01,C06,14592.14
202404,D01,R01,C07,13161.32
202404,D01,R02,C01,165947.01
202404,D01,R02,C02,108015.62
202404,D01,R02,C03,70280.98
202404,D01,R02,C06,17284.4
202404,D01,R02,C07,13626.44
202404,D01,R03,C01,147136.21
202404,D01,R03,C02,92882.02
202404,D01,R03,C03,57847.37
202404,D01,R03,C06,14580.57
202404,D01,R03,C07,12161.72
202404,D01,R04,C01,139592.41
202404,D01,R04,C02,93875.52
202404,D01,R04,C03,60105.2
202404,D01,R04,C06,13792.45
202404,D01,R04,C07,11271.84
202404,D02,R01,C02,88209.16
202404,D02,R01,C03,52322.81
202404,D02,R01,C04,31933.92
202404,D02,R01,C06,12310.23
202404,D02,R01,C07,10201.65
202404,D02,R02,C02,98608.37
202404,D02,R02,C03,60884.09
202404,D02,R02,C04,36035.63
202404,D02,R02,C06,14008.48
202404,D02,R02,C07,11396.11
202404,D02,R03,C02,78599.53
202404,D02,R03,C03,49601.92
202404,D02,R03,C04,30673.76
202404,D02,R03,C06,12471.41
202404,D02,R03,C07,10337.49
202404,D02,R04,C02,75415.03
202404,D02,R04,C03,50387.22
202404,D02,R04,C04,29604.93
202404,D02,R04,C06,11629.67
202404,D02,R04,C07,9746.69
202404,D03,R01,C03,50589.96
202404,D03,R01,C06,11931.22
202404,D03,R01,C07,10053.09
202404,D03,R02,C03,57546.52
202404,D03,R02,C06,12810.18
202404,D03,R02,C07,10789.23
202404,D03,R03,C03,46250.38
202404,D03,R03,C06,11093.96
202404,D03,R03,C07,10034.44
202404,D03,R04,C03,46834.79
202404,D03,R04,C06,10987.55
202404,D03,R04,C07,8810.81
202404,D04,R01,C03,45861.52
202404,D04,R01,C07,9155.65
202404,D04,R01,C08,7104.0
202404,D04,R02,C03,50156.02
202404,D04,R02,C07,9995.51
202404,D04,R02,C08,8171.99
202404,D04,R03,C03,44194.08
202404,D04,R03,C07,8324.46
202404,D04,R03,C08,6889.32
202404,D04,R04,C03,41829.93
202404,D04,R04,C07,8264.59
202404,D04,R04,C08,6845.23
202404,D05,R01,C03,44037.94
202404,D05,R01,C07,8377.76
202404,D05,R01,C08,6638.15
202404,D05,R02,C03,48364.13
202404,D05,R02,C07,9085.43
202404,D05,R02,C08,7695.04
202404,D05,R03,C03,42995.48
202404,D05,R03,C07,8298.66
202404,D05,R03,C08,6515.51
202404,D05,R04,C03,39574.04
202404,D05,R04,C07,7770.42
202404,D05,R04,C08,6270.88
202404,D06,R01,C03,50588.9
202404,D06,R01,C05,23949.08
202404,D06,R01,C06,12164.27
202404,D06,R01,C07,10082.78
202404,D06,R01,C08,7516.18
202404,D06,R02,C03,50999.91
202404,D06,R02,C05,25583.67
202404,D06,R02,C06,12174.57
202404,D06,R02,C07,10226.72
202404,D06,R02,C08,8683.25
202404,D06,R03,C03,44053.79
202404,D06,R03,C05,22597.15
202404,D06,R03,C06,11427.57
202404,D06,R03,C07,8766.65
202404,D06,R03,C08,7595.99
202404,D06,R04,C03,42653.78
202404,D06,R04,C05,20970.0
202404,D06,R04,C06,10671.09
202404,D06,R04,C07,8833.45
202404,D06,R04,C08,7240.15
202405,D01,R01,C01,158131.85
202405,D01,R01,C02,106125.85
202405,D01,R01,C03,62971.85
202405,D01,R01,C06,14951.64
202405,D01,R01,C07,13197.67
202405,D01,R02,C01,175164.66
202405,D01,R02,C02,118857.42
202405,D01,R02,C03,70193.72
202405,D01,R02,C06,16777.49
202405,D01,R02,C07,14553.97
202405,D01,R03,C01,144438.39
202405,D01,R03,C02,102064.96
202405,D01,R03,C03,63348.17
202405,D01,R03,C06,14573.28
202405,D01,R03,C07,12538.1
202405,D01,R04,C01,142589.42
202405,D01,R04,C02,89020.96
202405,D01,R04,C03,60269.79
202405,D01,R04,C06,13912.3
202405,D01,R04,C07,11965.78
202405,D02,R01,C02,84963.07
202405,D02,R01,C03,56213.79
202405,D02,R01,C04,32085.51
202405,D02,R01,C06,12343.17
202405,D02,R01,C07,11253.42
202405,D02,R02,C02,91282.19
202405,D02,R02,C03,58407.73
202405,D02,R02,C04,37295.75
202405,D02,R02,C06,14919.08
202405,D02,R02,C07,11983.87
202405,D02,R03,C02,83277.62
202405,D02,R03,C03,51106.41
202405,D02,R03,C04,30185.37
202405,D02,R03,C06,12117.86
202405,D02,R03,C07,10451.5
202405,D02,R04,C02,79833.19
202405,D02,R04,C03,50086.54
202405,D02,R04,C04,30046.2
202405,D02,R04,C06,11202.72
202405,D02,R04,C07,9728.07
202405,D03,R01,C03,49221.43
202405,D03,R01,C06,12421.22
202405,D03,R01,C07,10239.78
202405,D03,R02,C03,58846.34
202405,D03,R02,C06,13393.3
202405,D03,R02,C07,10896.14
202405,D03,R03,C03,47178.34
202405,D03,R03,C06,12049.07
202405,D03,R03,C07,9900.68
202405,D03,R04,C03,44501.2
202405,D03,R04,C06,10661.36
202405,D03,R04,C07,9456.3
202405,D04,R01,C03,44369.76
202405,D04,R01,C07,9568.36
202405,D04,R01,C08,7568.95
202405,D04,R02,C03,48850.51
202405,D04,R02,C07,9773.66
202405,D04,R02,C08,8554.58
202405,D04,R03,C03,43478.88
202405,D04,R03,C07,8692.58
202405,D04,R03,C08,7265.57
202405,D04,R04,C03,43580.7
202405,D04,R04,C07,8748.47
202405,D04,R04,C08,6843.51
202405,D05,R01,C03,43233.33
202405,D05,R01,C07,8390.35
202405,D05,R01,C08,7198.11
202405,D05,R02,C03,48433.73
202405,D05,R02,C07,9557.52
202405,D05,R02,C08,8017.47
202405,D05,R03,C03,39969.37
202405,D05,R03,C07,8311.12
202405,D05,R03,C08,6328.66
202405,D05,R04,C03,39274.03
202405,D05,R04,C07,7529.89
202405,D05,R04,C08,6063.32
202405,D06,R01,C03,47053.75
202405,D06,R01,C05,24827.51
202405,D06,R01,C06,12030.91
202405,D06,R01,C07,9866.58
202405,D06,R01,C08,8189.79
202405,D06,R02,C03,53144.08
202405,D06,R02,C05,26332.13
202405,D06,R02,C06,13392.29
202405,D06,R02,C07,10465.99
202405,D06,R02,C08,9009.67
202405,D06,R03,C03,44211.3
202405,D06,R03,C05,24331.34
202405,D06,R03,C06,10645.3
202405,D06,R03,C07,9659.35
202405,D06,R03,C08,7457.2
202405,D06,R04,C03,46203.15
202405,D06,R04,C05,21077.91
202405,D06,R04,C06,10624.71
202405,D06,R04,C07,9219.79
202405,D06,R04,C08,7061.47
202406,D01,R01,C01,151940.98
202406,D01,R01,C02,101957.49
202406,D01,R01,C03,62215.88
202406,D01,R01,C06,15191.34
202406,D01,R01,C07,12605.39
202406,D01,R02,C01,171619.11
202406,D01,R02,C02,104999.91
202406,D01,R02,C03,67244.12
202406,D01,R02,C06,17243.18
202406,D01,R02,C07,14286.61
202406,D01,R03,C01,141868.11
202406,D01,R03,C02,96141.26
202406,D01,R03,C03,58053.2
202406,D01,R03,C06,13805.57
202406,D01,R03,C07,11831.89
202406,D01,R04,C01,133020.26
202406,D01,R04,C02,90752.91
202406,D01,R04,C03,53874.76
202406,D01,R04,C06,14140.43
202406,D01,R04,C07,11796.99
202406,D02,R01,C02,85664.56
202406,D02,R01,C03,52689.51
202406,D02,R01,C04,30900.01
202406,D02,R01,C06,12995.38
202406,D02,R01,C07,10693.97
202406,D02,R02,C02,89282.58
202406,D02,R02,C03,60123.1
202406,D02,R02,C04,35767.59
202406,D02,R02,C06,14483.42
202406,D02,R02,C07,11810.71
202406,D02,R03,C02,80705.05
202406,D02,R03,C03,49467.24
202406,D02,R03,C04,31219.94
202406,D02,R03,C06,12408.18
202406,D02,R03,C07,9521.36
202406,D02,R04,C02,72019.33
202406,D02,R04,C03,46666.29
202406,D02,R04,C04,29230.42
202406,D02,R04,C06,11892.57
202406,D02,R04,C07,9119.64
202406,D03,R01,C03,50470.65
202406,D03,R01,C06,11857.07
202406,D03,R01,C07,10469.91
202406,D03,R02,C03,56881.65
202406,D03,R02,C06,13646.59
202406,D03,R02,C07,10965.56
202406,D03,R03,C03,47095.39
202406,D03,R03,C06,11141.68
202406,D03,R03,C07,9078.56
202406,D03,R04,C03,46641.25
202406,D03,R04,C06,11137.93
202406,D03,R04,C07,9449.75
202406,D04,R01,C03,47234.87
202406,D04,R01,C07,9049.89
202406,D04,R01,C08,7393.67
202406,D04,R02,C03,51701.59
202406,D04,R02,C07,10246.15
202406,D04,R02,C08,7719.9
202406,D04,R03,C03,42538.58
202406,D04,R03,C07,8232.93
202406,D04,R03,C08,7150.57
202406,D04,R04,C03,40930.01
202406,D04,R04,C07,7880.2
202406,D04,R04,C08,6591.26
202406,D05,R01,C03,43002.05
202406,D05,R01,C07,8379.44
202406,D05,R01,C08,6537.22
202406,D05,R02,C03,47552.1
202406,D05,R02,C07,9368.99
202406,D05,R02,C08,7683.69
202406,D05,R03,C03,40456.41
202406,D05,R03,C07,8359.39
202406,D05,R03,C08,6493.53
202406,D05,R04,C03,38483.09
202406,D05,R04,C07,7938.14
202406,D05,R04,C08,6060.93
202406,D06,R01,C03,45761.57
202406,D06,R01,C05,22630.86
202406,D06,R01,C06,11690.86
202406,D06,R01,C07,9614.29
202406,D06,R01,C08,7755.1
202406,D06,R02,C03,50750.24
202406,D06,R02,C05,25175.02
202406,D06,R02,C06,11931.24
202406,D06,R02,C07,10293.86
202406,D06,R02,C08,8435.17
202406,D06,R03,C03,44638.75
202406,D06,R03,C05,22421.43
202406,D06,R03,C06,11267.7
202406,D06,R03,C07,8888.05
202406,D06,R03,C08,7230.1
202406,D06,R04,C03,43962.62
202406,D06,R04,C05,21153.86
202406,D06,R04,C06,10385.26
202406,D06,R04,C07,8859.82
202406,D06,R04,C08,7147.47
202407,D01,R01,C01,141811.98
202407,D01,R01,C02,102180.56
202407,D01,R01,C03,61201.71
202407,D01,R01,C06,14344.62
202407,D01,R01,C07,12199.94
202407,D01,R02,C01,169462.13
202407,D01,R02,C02,107720.42
202407,D01,R02,C03,66221.21
202407,D01,R02,C06,16385.71
202407,D01,R02,C07,13124.85
202407,D01,R03,C01,133726.93
202407,D01,R03,C02,89644.87
202407,D01,R03,C03,56023.19
202407,D01,R03,C06,13478.88
202407,D01,R03,C07,11217.19
202407,D01,R04,C01,134163.77
202407,D01,R04,C02,85394.18
202407,D01,R04,C03,54274.24
202407,D01,R04,C06,13754.95
202407,D01,R04,C07,10996.29
202407,D02,R01,C02,83699.34
202407,D02,R01,C03,49764.09
202407,D02,R01,C04,29920.1
202407,D02,R01,C06,11781.06
202407,D02,R01,C07,9949.33
202407,D02,R02,C02,88547.09
202407,D02,R02,C03,54767.04
202407,D02,R02,C04,32560.36
202407,D02,R02,C06,13067.52
202407,D02,R02,C07,11274.61
202407,D02,R03,C02,75907.41
202407,D02,R03,C03,48214.09
202407,D02,R03,C04,29336.52
202407,D02,R03,C06,11953.94
202407,D02,R03,C07,9325.15
202407,D02,R04,C02,76306.27
202407,D02,R04,C03,46897.24
202407,D02,R04,C04,26621.0
202407,D02,R04,C06,11528.37
202407,D02,R04,C07,9650.77
202407,D03,R01,C03,46849.28
202407,D03,R01,C06,11497.61
202407,D03,R01,C07,10100.08
202407,D03,R02,C03,55238.12
202407,D03,R02,C06,12527.9
202407,D03,R02,C07,10466.68
202407,D03,R03,C03,45947.05
202407,D03,R03,C06,11154.71
202407,D03,R03,C07,9420.1
202407,D03,R04,C03,43521.91
202407,D03,R04,C06,10544.35
202407,D03,R04,C07,9038.27
202407,D04,R01,C03,42056.77
202407,D04,R01,C07,8601.65
202407,D04,R01,C08,7206.54
202407,D04,R02,C03,50427.15
202407,D04,R02,C07,9713.33
202407,D04,R02,C08,7786.53
202407,D04,R03,C03,40249.25
202407,D04,R03,C07,8334.94
202407,D04,R03,C08,6725.06
202407,D04,R04,C03,38667.87
202407,D04,R04,C07,7754.83
202407,D04,R04,C08,6272.47
202407,D05,R01,C03,39651.1
202407,D05,R01,C07,8181.79
202407,D05,R01,C08,6471.71
202407,D05,R02,C03,45024.68
202407,D05,R02,C07,8814.59
202407,D05,R02,C08,7616.67
202407,D05,R03,C03,39937.82
202407,D05,R03,C07,8055.23
202407,D05,R03,C08,6513.87
202407,D05,R04,C03,37479.16
202407,D05,R04,C07,7187.31
202407,D05,R04,C08,6019.86
202407,D06,R01,C03,46954.25
202407,D06,R01,C05,23846.26
202407,D06,R01,C06,11095.65
202407,D06,R01,C07,8963.28
202407,D06,R01,C08,7286.96
202407,D06,R02,C03,50503.91
202407,D06,R02,C05,25976.08
202407,D06,R02,C06,12376.18
202407,D06,R02,C07,10093.63
202407,D06,R02,C08,8591.39
202407,D06,R03,C03,44690.26
202407,D06,R03,C05,21530.23
202407,D06,R03,C06,10190.76
202407,D06,R03,C07,8537.47
202407,D06,R03,C08,6895.85
202407,D06,R04,C03,40473.42
202407,D06,R04,C05,20290.94
202407,D06,R04,C06,9838.72
202407,D06,R04,C07,8105.32
202407,D06,R04,C08,6969.16
202408,D01,R01,C01,145140.54
202408,D01,R01,C02,101247.57
202408,D01,R01,C03,62559.38
202408,D01,R01,C06,15880.8
202408,D01,R01,C07,12135.2
202408,D01,R02,C01,164947.76
202408,D01,R02,C02,116315.82
202408,D01,R02,C03,71975.49
202408,D01,R02,C06,17193.4
202408,D01,R02,C07,13551.29
202408,D01,R03,C01,139188.25
202408,D01,R03,C02,97568.13
202408,D01,R03,C03,62543.66
202408,D01,R03,C06,14474.2
202408,D01,R03,C07,12079.64
202408,D01,R04,C01,133350.01
202408,D01,R04,C02,93349.69
202408,D01,R04,C03,55034.52
202408,D01,R04,C06,13394.59
202408,D01,R04,C07,11277.78
202408,D02,R01,C02,84904.57
202408,D02,R01,C03,51659.13
202408,D02,R01,C04,30589.6
202408,D02,R01,C06,12866.78
202408,D02,R01,C07,10380.84
202408,D02,R02,C02,94082.15
202408,D02,R02,C03,56311.48
202408,D02,R02,C04,34930.5
202408,D02,R02,C06,14044.22
202408,D02,R02,C07,11142.68
202408,D02,R03,C02,79281.06
202408,D02,R03,C03,48532.16
202408,D02,R03,C04,28904.58
202408,D02,R03,C06,12682.05
202408,D02,R03,C07,9895.78
202408,D02,R04,C02,78722.08
202408,D02,R04,C03,46551.58
202408,D02,R04,C04,29153.21
202408,D02,R04,C06,11751.45
202408,D02,R04,C07,9635.78
202408,D03,R01,C03,50356.46
202408,D03,R01,C06,12013.15
202408,D03,R01,C07,9947.36
202408,D03,R02,C03,57936.03
202408,D03,R02,C06,13772.78
202408,D03,R02,C07,11626.64
202408,D03,R03,C03,46172.57
202408,D03,R03,C06,11779.82
202408,D03,R03,C07,10015.59
202408,D03,R04,C03,44001.2
202408,D03,R04,C06,10435.13
202408,D03,R04,C07,9309.18
202408,D04,R01,C03,45788.48
202408,D04,R01,C07,9400.72
202408,D04,R01,C08,7010.04
202408,D04,R02,C03,51471.19
202408,D04,R02,C07,9700.66
202408,D04,R02,C08,7730.15
202408,D04,R03,C03,41727.88
202408,D04,R03,C07,8907.15
202408,D04,R03,C08,7022.52
202408,D04,R04,C03,40999.35
202408,D04,R04,C07,8065.51
202408,D04,R04,C08,6791.67
202408,D05,R01,C03,42463.32
202408,D05,R01,C07,8856.8
202408,D05,R01,C08,6826.2
202408,D05,R02,C03,46636.46
202408,D05,R02,C07,9408.26
202408,D05,R02,C08,7404.74
202408,D05,R03,C03,41788.47
202408,D05,R03,C07,8157.97
202408,D05,R03,C08,6349.88
202408,D05,R04,C03,40176.16
202408,D05,R04,C07,7636.79
202408,D05,R04,C08,6208.12
202408,D06,R01,C03,49925.05
202408,D06,R01,C05,24285.52
202408,D06,R01,C06,11072.9
202408,D06,R01,C07,10017.02
202408,D06,R01,C08,7774.03
202408,D06,R02,C03,51901.26
202408,D06,R02,C05,25434.42
202408,D06,R02,C06,13037.79
202408,D06,R02,C07,10681.23
202408,D06,R02,C08,8471.85
202408,D06,R03,C03,47371.46
202408,D06,R03,C05,23445.78
202408,D06,R03,C06,10557.29
202408,D06,R03,C07,8943.63
202408,D06,R03,C08,7108.79
202408,D06,R04,C03,44230.8
202408,D06,R04,C05,20581.7
202408,D06,R04,C06,10435.02
202408,D06,R04,C07,8862.15
202408,D06,R04,C08,7168.68
202409,D01,R01,C01,150583.85
202409,D01,R01,C02,105276.82
202409,D01,R01,C03,61267.78
202409,D01,R01,C06,15830.07
202409,D01,R01,C07,12275.05
202409,D01,R02,C01,166571.35
202409,D01,R02,C02,115535.65
202409,D01,R02,C03,67670.05
202409,D01,R02,C06,16374.33
202409,D01,R02,C07,14336.71
202409,D01,R03,C01,148548.23
202409,D01,R03,C02,98267.72
202409,D01,R03,C03,61737.1
202409,D01,R03,C06,14597.1
202409,D01,R03,C07,11811.87
202409,D01,R04,C01,135575.23
202409,D01,R04,C02,88877.07
202409,D01,R04,C03,59718.49
202409,D01,R04,C06,13884.83
202409,D01,R04,C07,11361.23
202409,D02,R01,C02,85354.47
202409,D02,R01,C03,55945.2
202409,D02,R01,C04,31016.22
202409,D02,R01,C06,12962.82
202409,D02,R01,C07,10716.31
202409,D02,R02,C02,95298.43
202409,D02,R02,C03,56066.43
202409,D02,R02,C04,36658.2
202409,D02,R02,C06,14748.09
202409,D02,R02,C07,11857.73
202409,D02,R03,C02,82996.66
202409,D02,R03,C03,53021.86
202409,D02,R03,C04,31156.06
202409,D02,R03,C06,11785.17
202409,D02,R03,C07,10252.12
202409,D02,R04,C02,77934.9
202409,D02,R04,C03,47829.35
202409,D02,R04,C04,29600.73
202409,D02,R04,C06,12069.22
202409,D02,R04,C07,10049.21
202409,D03,R01,C03,50749.28
202409,D03,R01,C06,11766.6
202409,D03,R01,C07,10694.54
202409,D03,R02,C03,58001.22
202409,D03,R02,C06,12958.65
202409,D03,R02,C07,11692.18
202409,D03,R03,C03,50242.15
202409,D03,R03,C06,11649.9
202409,D03,R03,C07,9778.45
202409,D03,R04,C03,45436.42
202409,D03,R04,C06,10525.53
202409,D03,R04,C07,9028.71
202409,D04,R01,C03,47290.1
202409,D04,R01,C07,8725.25
202409,D04,R01,C08,7221.72
202409,D04,R02,C03,49975.85
202409,D04,R02,C07,10135.76
202409,D04,R02,C08,8417.58
202409,D04,R03,C03,42934.99
202409,D04,R03,C07,8587.53
202409,D04,R03,C08,7142.5
202409,D04,R04,C03,41112.61
202409,D04,R04,C07,8034.47
202409,D04,R04,C08,6578.16
202409,D05,R01,C03,41793.12
202409,D05,R01,C07,8389.43
202409,D05,R01,C08,6934.87
202409,D05,R02,C03,47298.4
202409,D05,R02,C07,9932.64
202409,D05,R02,C08,7524.61
202409,D05,R03,C03,41514.38
202409,D05,R03,C07,8345.44
202409,D05,R03,C08,6268.37
202409,D05,R04,C03,39653.04
202409,D05,R04,C07,7551.77
202409,D05,R04,C08,6530.22
202409,D06,R01,C03,46747.77
202409,D06,R01,C05,24018.18
202409,D06,R01,C06,11145.84
202409,D06,R01,C07,10171.47
202409,D06,R01,C08,7753.7
202409,D06,R02,C03,53803.35
202409,D06,R02,C05,25493.87
202409,D06,R02,C06,13110.52
202409,D06,R02,C07,10349.79
202409,D06,R02,C08,8866.63
202409,D06,R03,C03,44670.33
202409,D06,R03,C05,22301.91
202409,D06,R03,C06,10534.64
202409,D06,R03,C07,9179.79
202409,D06,R03,C08,7412.15
202409,D06,R04,C03,41711.27
202409,D06,R04,C05,22403.22
202409,D06,R04,C06,10416.32
202409,D06,R04,C07,8742.27
202409,D06,R04,C08,6935.47
202410,D01,R01,C01,155937.02
202410,D01,R01,C02,105626.22
202410,D01,R01,C03,63362.51
202410,D01,R01,C06,15249.04
202410,D01,R01,C07,13599.84
202410,D01,R02,C01,180978.95
202410,D01,R02,C02,114036.72
202410,D01,R02,C03,70532.56
202410,D01,R02,C06,17574.48
202410,D01,R02,C07,14305.73
202410,D01,R03,C01,142523.59
202410,D01,R03,C02,96320.12
202410,D01,R03,C03,63690.2
202410,D01,R03,C06,15200.29
202410,D01,R03,C07,11879.1
202410,D01,R04,C01,137808.96
202410,D01,R04,C02,91958.66
202410,D01,R04,C03,60077.74
202410,D01,R04,C06,13494.19
202410,D01,R04,C07,11344.85
202410,D02,R01,C02,90845.26
202410,D02,R01,C03,53352.98
202410,D02,R01,C04,33580.21
202410,D02,R01,C06,12883.62
202410,D02,R01,C07,10583.38
202410,D02,R02,C02,94528.26
202410,D02,R02,C03,61985.27
202410,D02,R02,C04,37676.61
202410,D02,R02,C06,15033.57
202410,D02,R02,C07,12002.81
202410,D02,R03,C02,85198.39
202410,D02,R03,C03,50823.79
202410,D02,R03,C04,30771.29
202410,D02,R03,C06,13066.63
202410,D02,R03,C07,9963.68
202410,D02,R04,C02,76089.77
202410,D02,R04,C03,48163.25
202410,D02,R04,C04,28358.1
202410,D02,R04,C06,11527.69
202410,D02,R04,C07,10004.9
202410,D03,R01,C03,52087.48
202410,D03,R01,C06,13094.77
202410,D03,R01,C07,10833.32
202410,D03,R02,C03,56836.5
202410,D03,R02,C06,13526.56
202410,D03,R02,C07,11411.04
202410,D03,R03,C03,50325.35
202410,D03,R03,C06,11692.37
202410,D03,R03,C07,10098.84
202410,D03,R04,C03,46821.97
202410,D03,R04,C06,11399.02
202410,D03,R04,C07,9389.64
202410,D04,R01,C03,46278.85
202410,D04,R01,C07,9873.79
202410,D04,R01,C08,7759.29
202410,D04,R02,C03,50104.49
202410,D04,R02,C07,10778.02
202410,D04,R02,C08,8305.55
202410,D04,R03,C03,46658.55
202410,D04,R03,C07,9246.7
202410,D04,R03,C08,7128.29
202410,D04,R04,C03,40494.3
202410,D04,R04,C07,8308.26
202410,D04,R04,C08,6832.33
202410,D05,R01,C03,45220.65
202410,D05,R01,C07,8708.91
202410,D05,R01,C08,6882.5
202410,D05,R02,C03,50731.59
202410,D05,R02,C07,10293.06
202410,D05,R02,C08,7874.18
202410,D05,R03,C03,41001.88
202410,D05,R03,C07,8285.7
202410,D05,R03,C08,6456.32
202410,D05,R04,C03,41826.43
202410,D05,R04,C07,7725.46
202410,D05,R04,C08,6475.17
202410,D06,R01,C03,48748.1
202410,D06,R01,C05,25072.61
202410,D06,R01,C06,12151.25
202410,D06,R01,C07,10303.92
202410,D06,R01,C08,7745.72
202410,D06,R02,C03,52179.7
202410,D06,R02,C05,26435.18
202410,D06,R02,C06,13693.7
202410,D06,R02,C07,11382.75
202410,D06,R02,C08,8863.51
202410,D06,R03,C03,47857.51
202410,D06,R03,C05,24081.61
202410,D06,R03,C06,11002.35
202410,D06,R03,C07,9868.96
202410,D06,R03,C08,7519.42
202410,D06,R04,C03,44362.94
202410,D06,R04,C05,22486.21
202410,D06,R04,C06,10284.95
202410,D06,R04,C07,8677.91
202410,D06,R04,C08,7352.96
202411,D01,R01,C01,155241.34
202411,D01,R01,C02,109114.04
202411,D01,R01,C03,65781.11
202411,D01,R01,C06,16020.66
202411,D01,R01,C07,13214.74
202411,D01,R02,C01,175628.09
202411,D01,R02,C02,121402.27
202411,D01,R02,C03,72743.63
202411,D01,R02,C06,17938.33
202411,D01,R02,C07,14814.43
202411,D01,R03,C01,156418.9
202411,D01,R03,C02,107081.87
202411,D01,R03,C03,65616.37
202411,D01,R03,C06,14951.29
202411,D01,R03,C07,12223.74
202411,D01,R04,C01,142333.81
202411,D01,R04,C02,98124.16
202411,D01,R04,C03,58024.91
202411,D01,R04,C06,14574.7
202411,D01,R04,C07,12267.66
202411,D02,R01,C02,89216.26
202411,D02,R01,C03,58236.07
202411,D02,R01,C04,32681.65
202411,D02,R01,C06,13029.85
202411,D02,R01,C07,11598.77
202411,D02,R02,C02,99747.01
202411,D02,R02,C03,63545.07
202411,D02,R02,C04,37178.11
202411,D02,R02,C06,14589.19
202411,D02,R02,C07,12872.05
202411,D02,R03,C02,88764.49
202411,D02,R03,C03,54913.73
202411,D02,R03,C04,31582.6
202411,D02,R03,C06,13044.25
202411,D02,R03,C07,10623.23
202411,D02,R04,C02,78313.35
202411,D02,R04,C03,53159.55
202411,D02,R04,C04,29506.01
202411,D02,R04,C06,12798.61
202411,D02,R04,C07,10150.89
202411,D03,R01,C03,52299.72
202411,D03,R01,C06,13014.3
202411,D03,R01,C07,11202.78
202411,D03,R02,C03,60779.42
202411,D03,R02,C06,14693.03
202411,D03,R02,C07,12068.63
202411,D03,R03,C03,52286.38
202411,D03,R03,C06,12741.93
202411,D03,R03,C07,10003.16
202411,D03,R04,C03,48548.61
202411,D03,R04,C06,11338.82
202411,D03,R04,C07,10194.01
202411,D04,R01,C03,50758.13
202411,D04,R01,C07,9272.32
202411,D04,R01,C08,7935.86
202411,D04,R02,C03,55733.38
202411,D04,R02,C07,10350.47
202411,D04,R02,C08,8611.72
202411,D04,R03,C03,48088.31
202411,D04,R03,C07,8803.65
202411,D04,R03,C08,7533.04
202411,D04,R04,C03,42853.6
202411,D04,R04,C07,9119.26
202411,D04,R04,C08,7328.07
202411,D05,R01,C03,47939.18
202411,D05,R01,C07,9156.33
202411,D05,R01,C08,7609.88
202411,D05,R02,C03,52229.63
202411,D05,R02,C07,9915.33
202411,D05,R02,C08,8344.11
202411,D05,R03,C03,41586.12
202411,D05,R03,C07,8804.96
202411,D05,R03,C08,6788.43
202411,D05,R04,C03,39742.56
202411,D05,R04,C07,7912.48
202411,D05,R04,C08,6739.34
202411,D06,R01,C03,50478.56
202411,D06,R01,C05,26226.53
202411,D06,R01,C06,11776.87
202411,D06,R01,C07,10070.49
202411,D06,R01,C08,8240.41
202411,D06,R02,C03,58070.55
202411,D06,R02,C05,27703.61
202411,D06,R02,C06,13713.7
202411,D06,R02,C07,11721.61
202411,D06,R02,C08,9133.41
202411,D06,R03,C03,47433.58
202411,D06,R03,C05,23208.58
202411,D06,R03,C06,12129.28
202411,D06,R03,C07,9280.38
202411,D06,R03,C08,8089.78
202411,D06,R04,C03,46303.6
202411,D06,R04,C05,24098.59
202411,D06,R04,C06,11411.88
202411,D06,R04,C07,9693.79
202411,D06,R04,C08,7276.92
202412,D01,R01,C01,172488.76
202412,D01,R01,C02,110901.63
202412,D01,R01,C03,69859.13
202412,D01,R01,C06,17014.21
202412,D01,R01,C07,14523.15
202412,D01,R02,C01,193745.86
202412,D01,R02,C02,126505.13
202412,D01,R02,C03,76366.8
202412,D01,R02,C06,18334.67
202412,D01,R02,C07,15765.88
202412,D01,R03,C01,155430.88
202412,D01,R03,C02,102255.44
202412,D01,R03,C03,65533.24
202412,D01,R03,C06,15620.43
202412,D01,R03,C07,13029.09
202412,D01,R04,C01,147172.15
202412,D01,R04,C02,96184.3
202412,D01,R04,C03,59962.61
202412,D01,R04,C06,15857.44
202412,D01,R04,C07,12508.99
202412,D02,R01,C02,92991.75
202412,D02,R01,C03,59856.33
202412,D02,R01,C04,34286.0
202412,D02,R01,C06,14746.99
202412,D02,R01,C07,12096.74
202412,D02,R02,C02,99238.9
202412,D02,R02,C03,64146.91
202412,D02,R02,C04,40279.28
202412,D02,R02,C06,16213.57
202412,D02,R02,C07,12893.83
202412,D02,R03,C02,90389.63
202412,D02,R03,C03,54000.05
202412,D02,R03,C04,35162.2
202412,D02,R03,C06,13046.67
202412,D02,R03,C07,11666.62
202412,D02,R04,C02,85939.09
202412,D02,R04,C03,53490.14
202412,D02,R04,C04,31792.29
202412,D02,R04,C06,12358.73
202412,D02,R04,C07,10241.64
202412,D03,R01,C03,54434.72
202412,D03,R01,C06,13018.57
202412,D03,R01,C07,11513.13
202412,D03,R02,C03,60676.77
202412,D03,R02,C06,14130.31
202412,D03,R02,C07,12897.93
202412,D03,R03,C03,55241.74
202412,D03,R03,C06,13314.15
202412,D03,R03,C07,11166.58
202412,D03,R04,C03,48756.43
202412,D03,R04,C06,11970.49
202412,D03,R04,C07,10340.3
202412,D04,R01,C03,51387.94
202412,D04,R01,C07,9731.13
202412,D04,R01,C08,8318.69
202412,D04,R02,C03,53912.3
202412,D04,R02,C07,10781.77
202412,D04,R02,C08,8903.2
202412,D04,R03,C03,48325.0
202412,D04,R03,C07,9652.69
202412,D04,R03,C08,7347.85
202412,D04,R04,C03,47072.16
202412,D04,R04,C07,8859.35
202412,D04,R04,C08,6988.72
202412,D05,R01,C03,49450.44
202412,D05,R01,C07,9953.78
202412,D05,R01,C08,7891.8
202412,D05,R02,C03,53980.63
202412,D05,R02,C07,10634.57
202412,D05,R02,C08,8420.21
202412,D05,R03,C03,43352.35
202412,D05,R03,C07,8961.21
202412,D05,R03,C08,7143.09
202412,D05,R04,C03,41810.79
202412,D05,R04,C07,8759.43
202412,D05,R04,C08,6851.57
202412,D06,R01,C03,50971.17
202412,D06,R01,C05,25855.69
202412,D06,R01,C06,13001.98
202412,D06,R01,C07,10189.0
202412,D06,R01,C08,8810.95
202412,D06,R02,C03,58491.6
202412,D06,R02,C05,29203.2
202412,D06,R02,C06,14174.58
202412,D06,R02,C07,12084.01
202412,D06,R02,C08,9220.7
202412,D06,R03,C03,51439.69
202412,D06,R03,C05,25436.1
202412,D06,R03,C06,11847.01
202412,D06,R03,C07,10490.72
202412,D06,R03,C08,8326.91
202412,D06,R04,C03,48638.67
202412,D06,R04,C05,24779.29
202412,D06,R04,C06,11913.27
202412,D06,R04,C07,9775.53
202412,D06,R04,C08,7918.98
